V160001,V160501,V161003,V161004,V161005,V161006,V161010e,V161021,V161030,V161031,V161086,V161087,V161126,V161128,V161129,V161138x,V161140x,V161158x,V161194x,V161196x
9,1,1,1,1,2,TX,2,-1,-1,15,60,4,1,5,2,4,5,7,1
47,1,4,3,2,-1,TX,2,-1,-1,60,60,6,5,1,2,3,4,7,6
57,1,5,3,2,-1,TX,2,-1,-1,-99,-99,99,-9,-9,3,3,5,1,7
61,1,2,1,1,1,TX,1,1,1,70,0,2,3,6,1,3,1,4,4
93,1,3,2,2,-1,TX,2,1,1,70,50,4,4,2,2,2,2,1,3
101,1,2,1,1,1,TX,2,1,1,85,0,2,3,7,1,2,1,6,7
103,1,3,2,1,2,TX,2,1,-8,60,70,5,2,3,2,3,4,1,4
105,1,1,1,2,-1,TX,2,1,2,-88,70,99,-8,6,3,3,7,7,-8
110,1,3,3,2,-1,TX,2,-1,-1,60,40,4,2,6,3,3,3,6,7
114,1,5,3,2,-1,TX,2,2,-1,50,50,99,5,1,2,3,3,4,6
126,1,3,1,2,-1,TX,2,1,1,70,40,3,2,6,2,2,6,4,7
127,1,1,1,1,1,TX,2,1,1,85,0,2,3,4,1,3,3,4,7
145,1,4,2,2,-1,TX,2,-1,-1,85,15,5,7,1,3,2,2,6,7
176,1,4,1,1,1,TX,2,1,1,85,0,99,-8,1,1,3,1,7,7
199,1,4,1,1,1,TX,2,1,1,70,15,3,2,6,1,3,1,6,7
200,1,3,1,1,2,TX,1,1,2,15,85,99,2,5,2,4,7,7,6
202,1,2,1,2,-1,TX,2,-1,-1,0,100,6,1,6,2,5,7,1,1
224,1,4,3,2,-1,TX,2,-1,-1,60,0,-8,2,-8,4,1,4,5,7
231,1,4,1,1,1,TX,2,1,1,70,0,99,3,-8,2,3,4,4,6
239,1,1,1,1,2,TX,1,-1,-1,0,85,7,1,6,1,5,7,1,1
240,1,2,1,1,2,TX,1,1,2,0,100,7,1,7,5,4,7,6,1
242,1,2,1,1,1,TX,1,1,1,70,0,2,3,7,1,4,1,6,7
244,1,3,2,2,-1,TX,1,1,1,50,15,3,2,6,2,2,3,7,7
245,1,2,1,1,2,TX,2,1,2,0,50,5,1,4,3,3,5,2,3
256,1,2,1,1,1,TX,2,1,1,100,0,99,6,1,1,3,4,6,7
258,1,1,1,1,1,TX,1,1,1,100,0,3,2,6,1,2,1,7,7
260,1,1,2,2,-1,TX,1,-1,-1,50,60,99,4,6,2,2,4,6,1
261,1,1,1,1,1,TX,2,1,1,100,0,2,3,7,1,1,1,7,7
271,1,4,1,2,-1,TX,2,1,3,15,0,6,3,1,1,3,2,7,7
277,1,1,1,1,2,TX,1,1,2,0,70,7,1,6,2,5,7,6,1
283,1,2,1,1,2,TX,2,1,-8,60,60,2,1,5,2,4,3,1,1
285,1,2,2,2,-1,TX,2,1,1,96,50,6,5,1,1,3,2,7,7
303,1,1,1,1,1,TX,1,1,1,85,0,1,3,7,1,4,3,1,7
314,1,1,1,1,2,TX,1,-1,-1,40,85,6,1,5,1,3,7,6,1
329,1,2,1,1,2,TX,1,1,2,30,70,6,1,5,2,5,5,7,1
333,1,2,1,1,1,TX,2,1,1,85,0,99,2,7,3,3,1,7,7
335,1,4,2,2,-1,TX,2,-1,-1,60,30,3,2,1,2,2,1,7,7
341,1,2,1,1,1,TX,2,2,-1,70,50,4,5,7,2,2,3,2,4
348,1,1,1,1,2,TX,1,1,2,0,70,7,1,5,1,3,7,1,1
396,1,1,1,1,2,TX,1,1,2,0,70,6,1,6,1,5,7,4,1
419,1,4,2,2,-1,TX,2,1,2,15,60,4,3,4,4,4,5,6,4
427,1,3,2,1,2,TX,2,1,2,0,60,99,1,4,1,4,2,1,1
450,1,4,2,2,-1,TX,2,-1,-1,60,0,99,4,3,5,3,3,4,4
456,1,1,1,1,2,TX,1,-1,-1,0,60,7,1,5,1,4,7,7,4
460,1,3,2,2,-1,TX,2,1,-8,60,0,99,4,-8,2,3,3,4,7
464,1,2,1,1,2,TX,1,1,2,0,85,4,7,1,1,4,7,1,6
512,1,2,3,2,-1,TX,2,-1,-1,50,0,4,4,7,2,3,4,4,7
517,1,1,1,1,2,TX,1,1,2,0,30,7,2,5,2,3,7,2,4
554,1,2,2,1,2,TX,1,1,2,15,60,5,2,4,2,4,7,4,2
568,1,2,3,1,1,TX,2,1,1,100,0,6,7,1,1,3,1,4,7
575,1,1,1,1,2,TX,1,1,2,0,40,6,1,2,1,4,5,6,4
594,1,2,1,2,-1,TX,2,1,1,65,35,3,4,7,1,1,1,7,7
599,1,2,1,1,1,TX,1,1,1,85,0,99,5,1,1,3,1,7,6
604,1,4,3,1,1,TX,2,1,1,60,0,5,4,1,1,5,3,7,7
631,1,4,2,2,-1,TX,2,-1,-1,60,60,4,4,4,3,2,4,4,6
639,1,4,2,1,2,TX,1,1,2,0,70,6,1,6,1,5,7,6,4
642,1,4,3,2,-1,TX,2,2,-1,70,70,99,-8,-8,3,3,4,4,4
662,1,4,2,2,-1,TX,2,-1,-1,50,100,7,2,1,3,4,5,2,6
672,1,4,2,2,-1,TX,2,2,-1,0,50,1,7,1,4,4,5,4,2
687,1,1,1,1,2,TX,1,1,2,15,60,4,2,3,2,3,7,6,1
709,1,1,1,1,1,TX,2,1,1,85,15,99,7,1,3,4,3,4,7
717,1,2,1,1,2,TX,1,1,2,15,85,6,2,5,1,4,7,2,1
724,1,2,1,2,-1,TX,1,1,1,100,0,3,3,7,1,3,2,7,7
745,1,2,1,1,1,TX,2,1,1,100,15,6,5,2,2,2,2,7,7
748,1,1,1,1,2,TX,1,1,2,0,100,7,1,6,3,5,7,1,1
760,1,4,2,2,-1,TX,2,-1,-1,85,-88,5,4,2,2,2,4,6,4
762,1,2,2,1,1,TX,2,-1,-1,70,30,3,6,4,1,4,5,6,4
771,1,5,1,2,-1,TX,2,1,2,0,60,6,2,6,1,4,7,7,1
773,1,2,1,2,-1,TX,2,-1,-1,85,0,4,5,2,2,3,1,6,7
774,1,3,3,2,-1,TX,2,-1,-1,50,30,4,4,6,4,2,3,4,7
780,1,1,1,1,2,TX,1,1,2,0,95,6,1,4,1,4,3,1,2
805,1,4,2,1,-8,TX,2,1,4,15,50,99,4,2,3,4,4,1,4
811,1,3,1,1,1,TX,2,1,1,100,0,99,1,1,1,2,1,4,3
814,1,4,1,2,-1,TX,2,1,1,70,40,5,6,1,1,1,2,7,7
816,1,1,1,1,1,TX,2,1,1,100,0,7,7,3,1,3,1,7,4
827,1,3,3,2,-1,TX,2,-1,-1,50,70,99,3,1,3,3,-8,4,4
859,1,1,1,1,2,TX,1,1,2,0,85,5,1,4,1,5,6,4,1
865,1,2,2,1,2,TX,1,1,2,15,70,6,1,4,1,4,5,2,1
874,1,1,1,2,-1,TX,2,1,1,60,0,3,2,7,2,4,2,1,7
884,1,1,1,1,2,TX,1,1,2,0,100,6,2,6,2,4,7,1,1
907,1,2,1,1,1,TX,2,1,1,100,40,99,7,1,2,3,1,4,5
911,1,1,1,1,-9,TX,2,1,3,40,15,6,1,3,1,3,5,6,7
917,1,2,1,2,-1,TX,1,1,2,70,85,6,1,6,2,3,6,7,2
918,1,1,1,2,-1,TX,2,-1,-1,85,0,6,7,1,1,5,1,7,1
935,1,1,1,1,1,TX,1,1,1,100,0,2,3,6,2,3,1,7,7
965,1,3,1,2,-1,TX,2,1,1,85,40,5,2,7,1,2,6,7,7
982,1,2,2,2,-1,TX,2,-1,-1,0,70,99,1,4,1,4,4,1,1
991,1,4,3,2,-1,TX,2,-1,-1,50,50,99,-8,-8,1,3,4,3,7
1004,1,1,1,1,2,TX,1,-1,-1,0,70,6,1,5,1,5,7,1,1
1036,1,3,2,2,-1,TX,2,1,2,60,100,7,4,5,1,4,5,7,6
1040,1,3,2,2,-1,TX,1,-1,-1,30,15,5,2,7,2,3,6,6,6
1042,1,3,1,1,1,TX,2,1,2,40,70,4,6,1,4,1,6,6,1
1050,1,2,1,2,-1,TX,1,1,3,60,15,3,2,5,1,2,3,5,7
1053,1,2,1,1,1,TX,1,1,1,70,40,99,6,2,4,4,2,7,6
1057,1,4,2,2,-1,TX,2,-1,-1,0,50,5,1,5,1,5,6,7,4
1071,1,2,2,1,2,TX,2,1,-8,30,60,6,2,5,3,3,-8,4,4
1083,1,4,1,2,-1,TX,2,1,1,100,0,99,4,7,1,3,-8,7,7
1099,1,1,1,1,1,TX,1,1,1,70,0,6,6,1,1,2,1,3,6
1124,1,2,1,2,-1,TX,2,1,6,40,70,6,5,3,2,3,4,7,7
1144,1,2,1,1,1,TX,1,1,5,40,0,4,3,2,2,4,2,2,4
1149,1,2,2,1,1,TX,2,1,3,40,0,3,2,7,2,2,4,6,7
1157,1,5,3,2,-1,TX,2,1,1,70,60,4,2,3,4,2,3,7,7
1171,1,1,1,2,-1,TX,1,1,2,0,70,3,1,6,2,2,6,1,6
2005,2,3,2,1,1,TX,1,1,5,42,50,99,3,5,1,4,3,3,2
2008,2,2,1,1,2,TX,1,1,2,0,100,6,1,6,1,5,7,3,1
2014,2,1,1,1,2,TX,2,1,2,0,71,6,1,4,3,4,5,4,2
2016,2,2,2,2,-1,TX,2,1,2,0,70,5,2,5,1,3,5,5,6
2045,2,1,1,1,1,TX,2,2,-1,30,0,3,1,2,1,3,4,7,7
2074,2,2,2,1,2,TX,1,1,2,40,85,5,2,6,2,3,6,2,4
2091,2,4,2,2,-1,TX,2,1,2,0,100,7,1,6,3,5,7,1,1
2111,2,3,2,1,1,TX,1,1,4,0,0,2,2,2,3,5,4,4,5
2142,2,1,1,2,-1,TX,2,-1,-1,15,40,3,1,7,1,3,3,7,7
2143,2,3,1,2,-1,TX,2,1,1,60,0,99,4,6,1,3,5,2,2
2146,2,2,2,1,2,TX,1,1,2,2,60,6,1,5,2,4,7,2,1
2150,2,3,2,1,1,TX,2,1,1,85,15,5,2,4,2,2,1,7,4
2154,2,1,1,1,2,TX,1,1,2,0,100,6,2,7,3,5,7,6,1
2163,2,3,2,1,2,TX,1,1,2,15,30,5,2,4,1,3,6,2,2
2164,2,3,2,2,-1,TX,2,-1,-1,40,40,99,3,4,5,1,3,4,4
2169,2,1,1,1,2,TX,1,1,2,0,85,7,1,6,1,4,7,7,1
2179,2,3,2,1,1,TX,2,1,1,50,0,4,3,5,1,2,2,2,7
2194,2,1,1,1,2,TX,1,1,2,0,100,6,1,6,1,5,7,1,1
2196,2,2,1,1,1,TX,2,1,1,85,0,1,3,7,1,2,1,4,7
2221,2,1,1,2,-1,TX,2,1,2,0,100,5,1,5,1,5,6,1,1
2240,2,1,1,1,1,TX,2,1,2,0,60,4,2,6,1,3,4,1,1
2241,2,2,1,2,-1,TX,2,1,1,70,15,6,5,1,1,3,2,2,7
2245,2,1,1,1,2,TX,1,1,2,1,99,6,1,6,2,5,7,1,1
2247,2,2,2,1,2,TX,1,1,2,2,99,6,2,6,2,4,7,2,4
2263,2,3,3,1,1,TX,2,1,3,42,16,3,4,4,2,3,4,7,4
2266,2,2,1,2,-1,TX,2,2,-1,19,1,4,3,6,3,3,3,4,4
2272,2,4,3,2,-1,TX,2,2,-1,50,40,99,6,7,1,3,2,7,4
2278,2,2,1,1,2,TX,1,1,2,2,41,6,2,6,1,3,7,1,1
2326,2,4,3,2,-1,TX,2,-1,-1,53,0,4,5,2,3,2,2,4,4
2333,2,3,2,1,1,TX,1,1,1,100,1,99,4,4,1,1,2,4,4
2338,2,1,1,1,1,TX,2,1,1,100,2,2,2,5,1,1,1,7,7
2356,2,3,2,2,-1,TX,2,1,1,60,0,4,4,7,4,2,2,7,6
2365,2,2,2,1,-9,TX,1,1,2,0,85,7,1,6,2,5,7,4,4
2366,2,1,1,1,1,TX,1,1,1,75,0,4,3,6,2,1,2,1,7
2374,2,4,2,2,-1,TX,1,1,2,0,60,99,2,4,2,3,6,4,2
2381,2,4,2,2,-1,TX,2,1,1,71,10,4,4,3,1,3,2,4,7
2414,2,3,2,2,-1,TX,2,2,-1,70,0,99,6,1,1,5,4,7,4
2442,2,4,2,1,2,TX,1,1,2,0,85,6,1,5,1,3,6,2,4
2469,2,2,2,1,2,TX,2,1,2,4,69,6,2,7,2,4,7,4,2
2477,2,2,1,2,-1,TX,2,-1,-1,1,84,4,1,5,3,4,5,1,1
2478,2,4,3,2,-1,TX,2,-1,-1,15,30,4,1,6,4,3,5,4,4
2510,2,2,1,1,1,TX,1,1,1,70,0,6,2,4,1,5,7,4,7
2561,2,3,2,1,1,TX,1,1,2,30,15,5,1,4,1,4,5,2,4
2563,2,1,1,1,2,TX,1,1,2,0,85,7,1,6,3,4,7,1,1
2566,2,2,1,1,2,TX,2,1,1,60,0,7,2,3,2,3,7,1,7
2569,2,3,2,2,-1,TX,2,1,3,5,20,5,3,3,2,2,5,7,6
2580,2,3,1,2,-1,TX,2,-1,-1,40,40,99,-9,-9,3,4,4,1,1
2582,2,4,3,1,1,TX,2,1,3,15,0,4,3,7,1,3,3,6,6
2590,2,4,2,2,-1,TX,2,1,1,60,0,3,4,7,1,3,2,7,7
2616,2,3,2,2,-1,TX,2,-1,-1,3,76,99,6,3,2,4,5,2,2
2633,2,4,3,2,-1,TX,2,2,-1,60,0,99,4,1,1,4,2,1,7
2648,2,3,1,1,2,TX,1,1,6,30,30,99,4,4,1,3,5,1,4
2652,2,4,2,2,-1,TX,2,1,1,69,1,2,3,6,2,3,3,6,5
2667,2,2,1,1,1,TX,1,1,5,30,0,3,2,6,1,3,3,6,7
2676,2,4,3,2,-1,TX,2,2,-1,0,0,99,4,4,3,3,4,4,7
2705,2,3,2,1,2,TX,1,1,3,40,15,5,2,5,1,2,7,4,7
2735,2,4,1,1,1,TX,2,1,1,69,0,4,4,6,1,3,1,1,7
2737,2,2,1,1,2,TX,1,1,2,15,60,6,1,4,2,4,4,1,4
2742,2,4,2,2,-1,TX,2,-1,-1,50,0,4,3,7,1,3,2,7,4
2744,2,2,2,2,-1,TX,2,-1,-1,70,0,99,3,5,1,3,5,6,7
2752,2,4,3,2,-1,TX,2,2,-1,30,70,99,2,4,1,5,4,4,7
2763,2,5,3,2,-1,TX,2,-1,-1,50,51,4,4,4,3,3,4,4,4
2767,2,2,1,1,2,TX,1,1,2,8,65,3,6,2,2,4,7,2,3
2775,2,3,2,1,2,TX,1,1,2,0,60,6,2,5,1,3,6,2,4
2818,2,1,1,1,1,TX,2,-1,-1,72,50,99,4,2,1,4,2,1,6
2820,2,2,1,2,-1,TX,2,1,1,30,0,99,7,1,3,3,4,2,4
2859,2,1,1,1,1,TX,1,1,1,85,0,99,3,4,2,1,1,7,7
2860,2,1,1,1,1,TX,1,-1,-1,0,70,3,7,4,1,4,6,4,6
2872,2,4,2,2,-1,TX,1,-1,-1,70,0,99,4,1,3,4,1,7,7
2889,2,3,2,1,1,TX,2,1,1,-99,0,3,5,2,5,4,1,3,4
2900,2,2,1,1,2,TX,1,1,2,1,92,7,1,6,2,4,7,1,1
2906,2,5,3,2,-1,TX,2,-1,-1,15,15,6,1,4,4,3,7,4,2
2921,2,4,3,2,-1,TX,2,-1,-1,-99,-99,99,-9,-9,1,5,4,4,-9
2935,2,2,1,2,-1,TX,2,1,1,100,0,99,7,1,2,3,1,1,1
2936,2,2,1,1,2,TX,1,-1,-1,0,90,6,1,5,1,5,7,2,1
2945,2,3,3,1,5,TX,2,1,3,2,52,4,1,5,2,4,4,4,7
2947,2,2,1,1,1,TX,1,1,1,85,0,2,2,4,1,2,3,7,7
2949,2,2,2,1,5,TX,1,1,2,0,100,99,1,4,1,1,7,4,1
2954,2,2,1,1,2,TX,1,1,2,30,85,5,2,5,2,3,6,4,2
2965,2,1,1,1,1,TX,2,1,1,40,1,2,2,7,1,2,3,7,7
2966,2,4,3,2,-1,TX,2,2,-1,60,60,3,4,5,5,3,7,2,6
2974,2,2,1,1,2,TX,2,1,2,0,60,4,1,4,1,4,6,1,1
3075,2,2,1,1,2,TX,1,1,2,30,85,7,1,5,2,5,7,1,1
3079,2,2,2,1,1,TX,2,1,1,60,15,99,4,7,1,2,1,4,1
3092,2,1,1,1,2,TX,1,1,2,0,100,99,7,1,1,5,5,1,1
3094,2,2,1,1,1,TX,1,1,7,60,30,5,3,4,1,3,1,6,7
3114,2,2,1,2,-1,TX,2,-1,-1,85,60,3,4,6,2,2,3,7,7
3177,2,1,1,1,2,TX,1,1,2,0,60,7,1,2,1,5,5,1,1
3181,2,2,2,1,1,TX,2,1,2,15,30,5,2,6,1,3,5,2,4
3199,2,3,1,1,1,TX,2,1,1,67,27,4,5,4,1,2,4,2,7
3217,2,4,2,1,2,TX,2,1,3,1,60,5,5,5,1,5,7,3,4
3218,2,2,2,1,1,TX,2,1,2,0,100,5,2,7,3,3,7,1,1
3221,2,1,1,1,1,TX,1,1,1,100,0,2,3,6,1,2,1,6,7
3248,2,2,1,1,5,TX,1,1,7,42,1,4,2,7,1,3,4,4,7
3263,2,1,1,2,-1,TX,2,1,1,75,10,3,2,5,1,2,3,1,6
3264,2,3,2,2,-1,TX,2,1,3,40,15,3,4,6,1,3,1,7,7
3285,2,2,2,1,1,TX,2,2,-1,40,33,4,3,5,3,3,4,4,4
3309,2,4,2,1,1,TX,2,1,2,41,61,-9,2,4,1,3,7,1,1
3372,2,4,2,2,-1,TX,2,2,-1,50,0,99,3,1,1,3,4,2,6
3393,2,4,3,2,-1,TX,2,2,-1,50,50,99,3,4,3,5,4,4,4
3399,2,3,3,2,-1,TX,2,1,4,30,0,3,5,5,1,3,3,7,7
3408,2,3,2,1,1,TX,1,1,1,100,1,99,6,4,2,2,1,7,4
3474,2,2,2,1,1,TX,2,1,6,60,0,99,4,4,1,4,3,2,4
3475,2,3,3,1,1,TX,2,1,1,85,1,99,4,1,3,3,4,4,6
3477,2,2,3,1,1,TX,2,1,1,60,40,4,1,7,1,4,2,4,5
3486,2,2,1,2,-1,TX,2,1,6,60,30,4,4,7,1,3,3,4,4
3501,2,1,1,1,1,TX,2,1,1,85,1,1,2,6,1,3,1,7,7
3540,2,4,3,2,-1,TX,2,-1,-1,30,15,4,4,4,1,3,4,4,6
3546,2,2,1,2,-1,TX,2,1,2,30,70,99,1,7,1,2,7,1,1
3548,2,1,1,1,2,TX,1,1,2,0,60,7,1,5,2,3,5,3,2
3562,2,1,1,1,2,TX,2,1,2,40,60,7,1,7,1,3,7,2,1
3565,2,2,2,2,-1,TX,2,-1,-1,30,32,7,1,4,1,5,4,2,6
3580,2,2,2,1,2,TX,2,1,2,0,43,5,1,5,2,3,5,2,1
3586,2,2,1,1,2,TX,1,1,2,10,85,6,1,5,2,5,7,4,1
3597,2,1,1,1,2,TX,1,1,2,4,100,7,1,5,1,5,6,1,1
3604,2,1,1,1,1,TX,1,1,1,70,0,99,2,6,1,4,2,4,7
3617,2,3,1,2,-1,TX,2,1,1,85,30,4,6,3,2,3,1,6,4
3618,2,4,3,2,-1,TX,2,-1,-1,32,86,7,2,7,2,4,7,1,4
3624,2,4,2,1,1,TX,1,-1,-1,0,0,6,2,5,1,3,2,4,4
3628,2,4,3,1,2,TX,2,2,-1,15,60,6,1,5,2,3,6,1,1
3634,2,4,3,2,-1,TX,2,-1,-1,40,0,6,6,1,2,2,2,7,7
3657,2,3,2,2,-1,TX,2,1,2,0,100,5,2,5,2,5,4,1,1
3662,2,3,2,1,1,TX,1,1,1,85,15,2,3,6,1,2,1,7,7
3668,2,3,2,2,-1,TX,2,1,1,60,0,99,2,7,3,5,4,7,4
3669,2,3,1,1,1,TX,2,1,1,85,0,2,2,7,1,2,1,7,7
3673,2,2,1,1,1,TX,2,1,4,60,0,4,6,6,1,3,4,2,7
3687,2,4,3,2,-1,TX,2,-1,-1,0,0,1,3,7,1,3,3,4,7
3727,2,2,1,1,2,TX,2,1,2,0,60,4,3,5,1,5,6,1,4
3728,2,3,2,2,-1,TX,2,1,1,85,5,4,6,2,2,4,2,7,7
3740,2,1,1,1,2,TX,1,1,2,0,85,5,1,6,2,5,7,1,1
3743,2,2,1,1,1,TX,2,1,1,0,0,1,6,7,1,3,3,7,7
3750,2,4,2,2,-1,TX,2,-1,-1,51,50,99,5,4,5,4,7,4,4
3754,2,1,1,1,1,TX,1,1,1,85,1,99,1,7,1,2,1,7,7
3775,2,2,1,1,2,TX,1,1,2,3,85,6,1,6,1,4,7,1,1
3789,2,1,1,1,1,TX,2,1,1,85,0,2,3,7,1,3,1,7,7
3793,2,3,1,1,1,TX,1,1,1,70,0,4,3,5,1,3,1,1,2
3808,2,1,1,1,1,TX,1,1,2,70,60,5,1,5,1,3,2,1,1
3815,2,1,2,1,1,TX,2,1,1,100,85,4,3,7,1,5,2,7,4
3834,2,4,3,2,-1,TX,2,1,2,3,64,5,2,3,1,3,7,2,7
3875,2,3,2,2,-1,TX,2,1,4,30,60,4,5,3,2,3,6,2,4
3877,2,2,1,1,5,TX,2,1,5,0,50,6,1,6,1,5,5,4,4
3891,2,3,1,2,-1,TX,2,1,8,70,0,99,4,6,1,4,4,7,4
3909,2,4,2,2,-1,TX,2,2,-1,1,100,6,1,6,1,5,5,1,1
3925,2,4,2,1,2,TX,1,1,2,1,98,6,1,6,2,5,7,1,6
3930,2,2,1,1,-9,TX,1,1,2,30,85,6,2,6,1,5,4,1,1
3934,2,3,3,2,-1,TX,2,-1,-1,31,1,1,7,7,1,2,2,4,7
3939,2,3,2,1,2,TX,2,1,3,20,20,5,2,3,1,3,5,3,6
3948,2,3,1,1,2,TX,1,1,3,4,31,6,2,4,2,4,5,6,4
3950,2,2,1,2,-1,TX,2,1,2,40,61,4,2,5,2,2,4,1,4
3955,2,3,1,1,2,TX,2,1,2,15,50,6,2,5,1,5,7,4,4
3979,2,3,2,1,1,TX,2,1,1,60,0,6,1,5,1,2,6,7,6
3992,2,2,3,2,-1,TX,2,1,4,0,0,5,3,4,1,5,4,6,4
3999,2,4,2,1,1,TX,2,1,1,60,0,99,6,7,1,2,2,6,6
4008,2,1,1,2,-1,TX,1,1,2,0,60,7,1,7,2,4,5,3,1
4062,2,4,2,2,-1,TX,2,-1,-1,70,0,4,3,6,1,2,5,4,7
4103,2,2,1,2,-1,TX,1,1,2,0,40,5,2,5,1,2,4,3,3
4105,2,1,1,1,1,TX,2,1,1,85,0,2,3,6,1,2,1,7,7
4130,2,2,1,2,-1,TX,2,1,2,0,70,99,4,4,3,2,4,7,4
4135,2,3,1,1,1,TX,1,1,1,100,30,99,6,2,1,4,1,1,1
4136,2,3,2,2,-1,TX,2,1,1,70,0,2,1,7,3,4,1,2,7
4147,2,4,2,2,-1,TX,1,1,2,51,50,4,5,4,5,3,3,4,6
4160,2,4,3,2,-1,TX,2,1,1,31,0,7,4,1,1,1,3,6,7
4162,2,2,1,1,1,TX,2,1,1,40,40,4,3,5,3,5,5,1,4
4210,2,4,3,2,-1,TX,2,1,5,50,50,99,4,4,1,5,4,4,4
4221,2,1,1,2,-1,TX,2,1,2,97,97,1,1,1,4,1,5,4,4
4252,2,3,2,1,1,TX,2,1,4,85,60,99,4,6,2,3,4,7,7
4255,2,3,3,1,1,TX,1,-1,-1,50,0,4,2,7,1,2,4,7,7
4268,2,4,2,1,1,TX,1,1,1,85,0,2,4,7,1,2,2,7,7
4275,2,4,3,1,2,TX,1,1,2,0,40,7,1,4,2,2,6,4,4
4293,2,1,1,1,2,TX,2,-1,-1,0,70,5,2,5,1,3,5,2,2
4305,2,4,2,2,-1,TX,2,1,1,100,0,3,4,7,1,1,1,7,7
4365,2,3,2,1,1,TX,1,1,1,100,0,99,1,7,2,1,2,7,7
4417,2,4,3,2,-1,TX,2,1,2,0,0,99,1,1,1,5,2,7,7
4427,2,3,2,1,1,TX,1,1,6,40,0,5,3,4,2,4,6,4,6
4430,2,4,2,2,-1,TX,2,-1,-1,0,70,99,1,4,1,5,4,4,4
4448,2,2,1,1,2,TX,1,1,2,15,70,6,1,5,3,3,7,2,4
4451,2,2,3,1,2,TX,1,1,2,3,3,5,1,6,4,3,5,7,7
4462,2,2,1,1,1,TX,2,1,1,100,0,99,-9,-9,1,1,1,1,4
4489,2,1,1,1,2,TX,1,-1,-1,0,100,5,1,5,4,3,7,1,1
4493,2,2,2,1,2,TX,1,1,2,0,85,6,1,6,1,4,7,1,1
4501,2,1,1,1,2,TX,1,1,2,0,70,5,1,5,1,5,6,4,3
4505,2,2,2,1,-9,TX,2,1,-9,30,54,5,2,6,2,3,6,6,7
4518,2,4,1,1,1,TX,2,1,2,40,85,99,5,4,3,3,6,7,4
4530,2,3,2,2,-1,TX,2,-1,-1,30,0,99,7,1,1,3,4,1,4
4545,2,1,1,1,1,TX,1,-1,-1,100,0,2,2,6,1,1,1,7,7
4578,2,1,1,1,1,TX,2,1,1,100,0,1,2,7,1,1,1,1,7
4595,2,3,3,1,-9,TX,2,1,7,50,50,99,4,4,2,3,4,7,7
4600,2,4,3,2,-1,TX,2,-1,-1,0,0,5,1,7,2,3,6,4,4
4625,2,2,1,1,2,TX,1,1,6,30,60,5,2,5,1,4,5,1,6
4672,2,1,1,1,1,TX,2,1,1,80,0,3,2,5,2,2,3,6,7
4682,2,1,1,1,1,TX,2,1,1,100,0,99,6,2,3,3,1,7,7
4687,2,5,3,2,-1,TX,2,-1,-1,50,50,99,2,4,5,3,4,7,7
4711,2,3,2,2,-1,TX,2,2,-1,85,0,4,3,1,2,5,3,2,7
4723,2,2,1,2,-1,TX,2,1,1,100,0,5,4,1,3,3,6,7,7
4733,2,1,1,1,2,TX,1,1,2,0,70,6,2,4,3,4,7,1,1
4734,2,4,2,2,-1,TX,2,-1,-1,16,50,2,1,6,3,5,3,4,1
4735,2,3,2,2,-1,TX,2,-1,-1,70,0,1,3,7,1,3,1,6,7
4743,2,2,1,1,1,TX,1,1,1,85,0,6,6,2,1,3,1,6,6
4757,2,4,2,2,-1,TX,2,1,2,15,85,4,5,2,3,2,6,7,1
4774,2,1,1,2,-1,TX,2,1,2,39,61,5,2,7,1,2,5,4,2
4825,2,3,2,2,-1,TX,2,1,2,0,70,6,4,6,1,3,7,4,1
4830,2,1,1,1,1,TX,1,1,1,95,0,1,2,5,1,2,1,7,7
4837,2,4,3,2,-1,TX,2,2,-1,70,0,99,4,1,2,3,2,1,5
4839,2,3,2,2,-1,TX,2,2,-1,85,0,4,4,4,1,3,1,7,7
4846,2,3,1,1,2,TX,2,1,3,30,60,5,1,4,2,3,5,2,4
4853,2,2,2,1,2,TX,2,1,2,0,85,6,2,5,2,3,5,1,6
4877,2,3,2,2,-1,TX,2,1,1,76,6,4,2,7,3,4,2,4,7
4883,2,2,1,1,2,TX,1,1,2,16,90,5,2,4,3,3,7,4,2
4904,2,3,1,2,-1,TX,2,-1,-1,60,70,99,5,1,2,2,5,1,6
4911,2,4,2,2,-1,TX,2,-1,-1,72,2,4,4,1,3,4,4,2,7
4921,2,1,1,1,2,TX,1,1,1,95,0,2,3,6,1,3,3,1,6
4924,2,2,2,1,1,TX,2,1,1,87,17,4,4,7,2,4,1,7,7
4926,2,3,1,1,2,TX,1,1,2,15,100,99,1,4,1,3,6,4,4
4936,2,4,3,2,-1,TX,2,1,4,61,30,4,2,7,1,2,4,4,4
4956,2,2,1,1,1,TX,1,1,1,99,2,99,4,2,4,3,1,4,2
4974,2,1,1,2,-1,TX,2,1,2,0,65,3,1,4,1,5,5,1,1
4983,2,1,1,2,-1,TX,2,2,-1,70,40,5,3,4,1,3,4,4,4
5001,2,2,2,1,2,TX,1,1,2,15,60,99,2,5,4,3,6,2,6
5002,2,3,2,1,2,TX,2,1,2,15,30,99,2,3,1,3,6,4,3
5012,2,2,2,1,2,TX,2,1,1,61,0,5,4,6,1,3,6,1,4
5018,2,4,3,2,-1,TX,2,1,1,70,0,99,2,7,3,2,4,4,4
5025,2,2,1,1,1,TX,2,1,-9,60,0,4,2,6,1,3,3,4,7
5030,2,2,1,1,2,TX,2,-1,-1,0,100,7,1,6,2,5,7,4,3
5054,2,2,2,1,2,TX,1,1,2,0,60,6,1,7,2,3,7,2,1
5058,2,2,1,2,-1,TX,2,1,2,2,87,5,2,6,2,3,7,2,1
5083,2,4,2,2,-1,TX,2,1,3,40,40,99,6,6,1,5,2,4,6
